"iso","adm1","umd_tree_cover_extent_2000__ha","area__ha"
"USA",33,8486300.75314883653588745,13518667.789825850350005268
